,task_a,task_b,rep,w1
0,coffee-button-v2,coffee-button-v2,0,0.07519261258339716
0,coffee-button-v2,coffee-button-v2,1,0.07519261258339416
0,coffee-button-v2,coffee-button-v2,2,0.07519261258340636
0,coffee-button-v2,coffee-button-v2,3,0.07519261258337188
0,coffee-button-v2,coffee-button-v2,4,0.07519261258338958
0,coffee-button-v2,coffee-button-v2,5,0.0751926125856318
0,coffee-button-v2,coffee-button-v2,6,0.07519261258339885
0,coffee-button-v2,coffee-button-v2,7,0.07519261258339201
0,coffee-button-v2,coffee-button-v2,8,0.0751926125833863
0,coffee-button-v2,coffee-button-v2,9,0.07519261258338522
0,coffee-button-v2,dial-turn-v2,0,3.4561221349482505
0,coffee-button-v2,dial-turn-v2,1,3.2232059494446164
0,coffee-button-v2,dial-turn-v2,2,3.524612997968847
0,coffee-button-v2,dial-turn-v2,3,3.090732401854194
0,coffee-button-v2,dial-turn-v2,4,3.0801041785260366
0,coffee-button-v2,dial-turn-v2,5,2.9080716208657966
0,coffee-button-v2,dial-turn-v2,6,4.062531497508638
0,coffee-button-v2,dial-turn-v2,7,3.5301008197118904
0,coffee-button-v2,dial-turn-v2,8,3.346193703390267
0,coffee-button-v2,dial-turn-v2,9,3.5901709075135093
0,coffee-button-v2,door-unlock-v2,0,7.233141098090194
0,coffee-button-v2,door-unlock-v2,1,6.42483924127217
0,coffee-button-v2,door-unlock-v2,2,7.008312147637619
0,coffee-button-v2,door-unlock-v2,3,6.703563702280839
0,coffee-button-v2,door-unlock-v2,4,7.516028269250576
0,coffee-button-v2,door-unlock-v2,5,6.962215460787392
0,coffee-button-v2,door-unlock-v2,6,5.987205666221673
0,coffee-button-v2,door-unlock-v2,7,6.653647447816114
0,coffee-button-v2,door-unlock-v2,8,6.674884774047113
0,coffee-button-v2,door-unlock-v2,9,6.399957866876469
0,coffee-button-v2,handle-press-side-v2,0,6.495213995225681
0,coffee-button-v2,handle-press-side-v2,1,6.785206676064908
0,coffee-button-v2,handle-press-side-v2,2,6.829350582924775
0,coffee-button-v2,handle-press-side-v2,3,6.98748396576563
0,coffee-button-v2,handle-press-side-v2,4,6.701513444935739
0,coffee-button-v2,handle-press-side-v2,5,6.276395138405317
0,coffee-button-v2,handle-press-side-v2,6,7.290175949116426
0,coffee-button-v2,handle-press-side-v2,7,6.342506798544096
0,coffee-button-v2,handle-press-side-v2,8,5.972353550129089
0,coffee-button-v2,handle-press-side-v2,9,6.935896739791437
0,coffee-button-v2,handle-press-v2,0,7.801475743532684
0,coffee-button-v2,handle-press-v2,1,7.022550163586017
0,coffee-button-v2,handle-press-v2,2,7.997761723337127
0,coffee-button-v2,handle-press-v2,3,7.140655350719716
0,coffee-button-v2,handle-press-v2,4,7.358417609063934
0,coffee-button-v2,handle-press-v2,5,7.426115523955968
0,coffee-button-v2,handle-press-v2,6,7.33969030887214
0,coffee-button-v2,handle-press-v2,7,7.121958916404916
0,coffee-button-v2,handle-press-v2,8,7.148838564258114
0,coffee-button-v2,handle-press-v2,9,7.870330792365679
0,coffee-button-v2,plate-slide-back-v2,0,4.097233623685797
0,coffee-button-v2,plate-slide-back-v2,1,3.8393238950098083
0,coffee-button-v2,plate-slide-back-v2,2,4.252310526077137
0,coffee-button-v2,plate-slide-back-v2,3,4.784587476920552
0,coffee-button-v2,plate-slide-back-v2,4,4.031485929951371
0,coffee-button-v2,plate-slide-back-v2,5,4.4705543046500695
0,coffee-button-v2,plate-slide-back-v2,6,3.757814541280831
0,coffee-button-v2,plate-slide-back-v2,7,4.334911843881324
0,coffee-button-v2,plate-slide-back-v2,8,3.90756992663132
0,coffee-button-v2,plate-slide-back-v2,9,4.3996546604902145
0,coffee-button-v2,plate-slide-v2,0,3.9756977294750357
0,coffee-button-v2,plate-slide-v2,1,3.9562516594143187
0,coffee-button-v2,plate-slide-v2,2,3.953250204417675
0,coffee-button-v2,plate-slide-v2,3,4.052769435129796
0,coffee-button-v2,plate-slide-v2,4,3.869231957057004
0,coffee-button-v2,plate-slide-v2,5,4.109312258004064
0,coffee-button-v2,plate-slide-v2,6,4.151160233014803
0,coffee-button-v2,plate-slide-v2,7,3.60225469775019
0,coffee-button-v2,plate-slide-v2,8,3.964893131260785
0,coffee-button-v2,plate-slide-v2,9,3.961101839506484
0,coffee-button-v2,push-back-v2,0,4.244964689169383
0,coffee-button-v2,push-back-v2,1,4.270177774694377
0,coffee-button-v2,push-back-v2,2,4.548999245684277
0,coffee-button-v2,push-back-v2,3,3.99535811424095
0,coffee-button-v2,push-back-v2,4,4.028020395517923
0,coffee-button-v2,push-back-v2,5,3.613213773493969
0,coffee-button-v2,push-back-v2,6,3.979167098120552
0,coffee-button-v2,push-back-v2,7,3.7653758903672343
0,coffee-button-v2,push-back-v2,8,4.1010528084296505
0,coffee-button-v2,push-back-v2,9,3.6583709430763642
0,coffee-button-v2,reach-v2,0,4.059240383126352
0,coffee-button-v2,reach-v2,1,4.176904283111943
0,coffee-button-v2,reach-v2,2,4.530565217877452
0,coffee-button-v2,reach-v2,3,4.193296238553969
0,coffee-button-v2,reach-v2,4,4.082624454683834
0,coffee-button-v2,reach-v2,5,3.823682347634217
0,coffee-button-v2,reach-v2,6,4.176993575631508
0,coffee-button-v2,reach-v2,7,4.337086592315965
0,coffee-button-v2,reach-v2,8,3.9709395694490817
0,coffee-button-v2,reach-v2,9,4.079158432806118
0,coffee-button-v2,reach-wall-v2,0,4.456733449878164
0,coffee-button-v2,reach-wall-v2,1,4.022251611962679
0,coffee-button-v2,reach-wall-v2,2,4.208886026681317
0,coffee-button-v2,reach-wall-v2,3,4.085729291910125
0,coffee-button-v2,reach-wall-v2,4,4.016363699897452
0,coffee-button-v2,reach-wall-v2,5,4.099348347885856
0,coffee-button-v2,reach-wall-v2,6,4.154413551819925
0,coffee-button-v2,reach-wall-v2,7,4.11845225364618
0,coffee-button-v2,reach-wall-v2,8,4.233250122837706
0,coffee-button-v2,reach-wall-v2,9,4.126315502047346
0,dial-turn-v2,coffee-button-v2,0,2.6406825038259534
0,dial-turn-v2,coffee-button-v2,1,2.247889811033085
0,dial-turn-v2,coffee-button-v2,2,2.1120948002998934
0,dial-turn-v2,coffee-button-v2,3,1.8791580471583835
0,dial-turn-v2,coffee-button-v2,4,2.1332947201310497
0,dial-turn-v2,coffee-button-v2,5,2.119644027991498
0,dial-turn-v2,coffee-button-v2,6,2.279988303627121
0,dial-turn-v2,coffee-button-v2,7,1.956786696872507
0,dial-turn-v2,coffee-button-v2,8,2.160710192711717
0,dial-turn-v2,coffee-button-v2,9,1.9436825162864608
0,dial-turn-v2,dial-turn-v2,0,0.07288190960183887
0,dial-turn-v2,dial-turn-v2,1,0.07752079332658504
0,dial-turn-v2,dial-turn-v2,2,0.07585178432211284
0,dial-turn-v2,dial-turn-v2,3,0.07513125068189984
0,dial-turn-v2,dial-turn-v2,4,0.07401151200602626
0,dial-turn-v2,dial-turn-v2,5,0.07311992092614704
0,dial-turn-v2,dial-turn-v2,6,0.0729692347990941
0,dial-turn-v2,dial-turn-v2,7,0.0821913835592271
0,dial-turn-v2,dial-turn-v2,8,0.07411002213098739
0,dial-turn-v2,dial-turn-v2,9,0.07507172998292824
0,dial-turn-v2,door-unlock-v2,0,4.739981764289197
0,dial-turn-v2,door-unlock-v2,1,4.6982133443197025
0,dial-turn-v2,door-unlock-v2,2,4.85467751529551
0,dial-turn-v2,door-unlock-v2,3,4.175105215413351
0,dial-turn-v2,door-unlock-v2,4,5.768619435105844
0,dial-turn-v2,door-unlock-v2,5,4.562095473602172
0,dial-turn-v2,door-unlock-v2,6,5.032902896722374
0,dial-turn-v2,door-unlock-v2,7,4.480605835441801
0,dial-turn-v2,door-unlock-v2,8,5.4667506912780475
0,dial-turn-v2,door-unlock-v2,9,4.640204871909717
0,dial-turn-v2,handle-press-side-v2,0,3.212391981361694
0,dial-turn-v2,handle-press-side-v2,1,3.5042549103868637
0,dial-turn-v2,handle-press-side-v2,2,4.447049073087712
0,dial-turn-v2,handle-press-side-v2,3,3.3596126348255013
0,dial-turn-v2,handle-press-side-v2,4,3.463037384257869
0,dial-turn-v2,handle-press-side-v2,5,2.840846890507549
0,dial-turn-v2,handle-press-side-v2,6,2.8480437462037322
0,dial-turn-v2,handle-press-side-v2,7,3.880367596943239
0,dial-turn-v2,handle-press-side-v2,8,3.450094747296791
0,dial-turn-v2,handle-press-side-v2,9,3.7182882343881154
0,dial-turn-v2,handle-press-v2,0,3.509441829860582
0,dial-turn-v2,handle-press-v2,1,3.6025491329995183
0,dial-turn-v2,handle-press-v2,2,3.0502518756167327
0,dial-turn-v2,handle-press-v2,3,3.1500352533051563
0,dial-turn-v2,handle-press-v2,4,3.5125808850971354
0,dial-turn-v2,handle-press-v2,5,2.601614817018138
0,dial-turn-v2,handle-press-v2,6,3.201083407756678
0,dial-turn-v2,handle-press-v2,7,2.8098605862746733
0,dial-turn-v2,handle-press-v2,8,2.6359886686249694
0,dial-turn-v2,handle-press-v2,9,2.665235466666279
0,dial-turn-v2,plate-slide-back-v2,0,4.245480367275324
0,dial-turn-v2,plate-slide-back-v2,1,3.8743221011451334
0,dial-turn-v2,plate-slide-back-v2,2,3.623823433765715
0,dial-turn-v2,plate-slide-back-v2,3,3.657665725471771
0,dial-turn-v2,plate-slide-back-v2,4,4.536628639482476
0,dial-turn-v2,plate-slide-back-v2,5,3.7175168035703607
0,dial-turn-v2,plate-slide-back-v2,6,3.8408481636778116
0,dial-turn-v2,plate-slide-back-v2,7,3.188418108585543
0,dial-turn-v2,plate-slide-back-v2,8,3.985031491894118
0,dial-turn-v2,plate-slide-back-v2,9,3.9527721759686925
0,dial-turn-v2,plate-slide-v2,0,4.005073202806419
0,dial-turn-v2,plate-slide-v2,1,4.581121222062066
0,dial-turn-v2,plate-slide-v2,2,4.25090774479224
0,dial-turn-v2,plate-slide-v2,3,3.7896710810664516
0,dial-turn-v2,plate-slide-v2,4,4.293281913694969
0,dial-turn-v2,plate-slide-v2,5,4.496009819230688
0,dial-turn-v2,plate-slide-v2,6,3.837147902546124
0,dial-turn-v2,plate-slide-v2,7,3.9837989033086907
0,dial-turn-v2,plate-slide-v2,8,4.763059373680505
0,dial-turn-v2,plate-slide-v2,9,4.155405353883033
0,dial-turn-v2,push-back-v2,0,3.9745003949615807
0,dial-turn-v2,push-back-v2,1,4.871873696195367
0,dial-turn-v2,push-back-v2,2,3.753064135503851
0,dial-turn-v2,push-back-v2,3,3.7838800613920722
0,dial-turn-v2,push-back-v2,4,4.070957516500577
0,dial-turn-v2,push-back-v2,5,4.263886021898738
0,dial-turn-v2,push-back-v2,6,3.8890435617401167
0,dial-turn-v2,push-back-v2,7,4.120921807436586
0,dial-turn-v2,push-back-v2,8,3.4584862057173305
0,dial-turn-v2,push-back-v2,9,4.997734762006706
0,dial-turn-v2,reach-v2,0,3.8145187240754126
0,dial-turn-v2,reach-v2,1,3.8967636023064953
0,dial-turn-v2,reach-v2,2,4.197499563718105
0,dial-turn-v2,reach-v2,3,5.1904560379595175
0,dial-turn-v2,reach-v2,4,4.288623637501763
0,dial-turn-v2,reach-v2,5,3.517858573361583
0,dial-turn-v2,reach-v2,6,3.9371561660614307
0,dial-turn-v2,reach-v2,7,4.133804040472831
0,dial-turn-v2,reach-v2,8,4.205133109043086
0,dial-turn-v2,reach-v2,9,4.031798073362836
0,dial-turn-v2,reach-wall-v2,0,4.604888265768597
0,dial-turn-v2,reach-wall-v2,1,3.95348371397558
0,dial-turn-v2,reach-wall-v2,2,3.90473865268988
0,dial-turn-v2,reach-wall-v2,3,4.078444800670601
0,dial-turn-v2,reach-wall-v2,4,4.4232807690202725
0,dial-turn-v2,reach-wall-v2,5,4.206202776664768
0,dial-turn-v2,reach-wall-v2,6,4.128585616075376
0,dial-turn-v2,reach-wall-v2,7,3.489474168246698
0,dial-turn-v2,reach-wall-v2,8,3.1023724584994015
0,dial-turn-v2,reach-wall-v2,9,5.237683929486603
0,door-unlock-v2,coffee-button-v2,0,4.883589954119511
0,door-unlock-v2,coffee-button-v2,1,5.377260964816656
0,door-unlock-v2,coffee-button-v2,2,5.5690620821321914
0,door-unlock-v2,coffee-button-v2,3,5.003183571921157
0,door-unlock-v2,coffee-button-v2,4,4.586409035819603
0,door-unlock-v2,coffee-button-v2,5,5.619364060379219
0,door-unlock-v2,coffee-button-v2,6,5.7603625060580725
0,door-unlock-v2,coffee-button-v2,7,5.496986162020913
0,door-unlock-v2,coffee-button-v2,8,5.204767831305324
0,door-unlock-v2,coffee-button-v2,9,5.185418758628309
0,door-unlock-v2,dial-turn-v2,0,4.280425560203684
0,door-unlock-v2,dial-turn-v2,1,5.7380863763500045
0,door-unlock-v2,dial-turn-v2,2,4.890886999060139
0,door-unlock-v2,dial-turn-v2,3,5.225349428680232
0,door-unlock-v2,dial-turn-v2,4,4.6236128024914835
0,door-unlock-v2,dial-turn-v2,5,4.285800494561463
0,door-unlock-v2,dial-turn-v2,6,5.012894118133949
0,door-unlock-v2,dial-turn-v2,7,4.471543003372448
0,door-unlock-v2,dial-turn-v2,8,4.8768990179598655
0,door-unlock-v2,dial-turn-v2,9,5.182341643678388
0,door-unlock-v2,door-unlock-v2,0,0.08286713713401804
0,door-unlock-v2,door-unlock-v2,1,0.08285211723634925
0,door-unlock-v2,door-unlock-v2,2,0.08285211723635294
0,door-unlock-v2,door-unlock-v2,3,0.0828521172363632
0,door-unlock-v2,door-unlock-v2,4,0.08285211723636898
0,door-unlock-v2,door-unlock-v2,5,0.0828521178201894
0,door-unlock-v2,door-unlock-v2,6,0.08285211723634765
0,door-unlock-v2,door-unlock-v2,7,0.08285211723635898
0,door-unlock-v2,door-unlock-v2,8,0.08285211723635705
0,door-unlock-v2,door-unlock-v2,9,0.08285211901998764
0,door-unlock-v2,handle-press-side-v2,0,4.1158112107103655
0,door-unlock-v2,handle-press-side-v2,1,3.150396980851714
0,door-unlock-v2,handle-press-side-v2,2,4.125090675502698
0,door-unlock-v2,handle-press-side-v2,3,4.291896773206773
0,door-unlock-v2,handle-press-side-v2,4,3.5973094904354044
0,door-unlock-v2,handle-press-side-v2,5,4.492727687238764
0,door-unlock-v2,handle-press-side-v2,6,4.412275108891828
0,door-unlock-v2,handle-press-side-v2,7,4.300735587097749
0,door-unlock-v2,handle-press-side-v2,8,4.026249750215742
0,door-unlock-v2,handle-press-side-v2,9,3.9020941398735314
0,door-unlock-v2,handle-press-v2,0,3.9324322198373047
0,door-unlock-v2,handle-press-v2,1,2.7902400800554576
0,door-unlock-v2,handle-press-v2,2,4.346203321689227
0,door-unlock-v2,handle-press-v2,3,4.093809378973839
0,door-unlock-v2,handle-press-v2,4,3.7432675038324557
0,door-unlock-v2,handle-press-v2,5,4.009525510821616
0,door-unlock-v2,handle-press-v2,6,4.172824387306744
0,door-unlock-v2,handle-press-v2,7,3.8072536170774693
0,door-unlock-v2,handle-press-v2,8,3.45881015918982
0,door-unlock-v2,handle-press-v2,9,4.046737448391279
0,door-unlock-v2,plate-slide-back-v2,0,6.749123408364394
0,door-unlock-v2,plate-slide-back-v2,1,6.329396365942693
0,door-unlock-v2,plate-slide-back-v2,2,6.743120836048668
0,door-unlock-v2,plate-slide-back-v2,3,6.04809491242746
0,door-unlock-v2,plate-slide-back-v2,4,6.0535918409932625
0,door-unlock-v2,plate-slide-back-v2,5,6.607721089571093
0,door-unlock-v2,plate-slide-back-v2,6,7.020730376538785
0,door-unlock-v2,plate-slide-back-v2,7,6.618882841331112
0,door-unlock-v2,plate-slide-back-v2,8,6.328777100875004
0,door-unlock-v2,plate-slide-back-v2,9,6.526127541192592
0,door-unlock-v2,plate-slide-v2,0,6.299812367352542
0,door-unlock-v2,plate-slide-v2,1,6.028100021875215
0,door-unlock-v2,plate-slide-v2,2,6.866200899852769
0,door-unlock-v2,plate-slide-v2,3,6.83438739139585
0,door-unlock-v2,plate-slide-v2,4,6.78875062598624
0,door-unlock-v2,plate-slide-v2,5,6.556301009174102
0,door-unlock-v2,plate-slide-v2,6,6.255569584028166
0,door-unlock-v2,plate-slide-v2,7,6.528426412966586
0,door-unlock-v2,plate-slide-v2,8,6.374145591061657
0,door-unlock-v2,plate-slide-v2,9,6.457530718771669
0,door-unlock-v2,push-back-v2,0,7.0358595737286524
0,door-unlock-v2,push-back-v2,1,6.67504179665939
0,door-unlock-v2,push-back-v2,2,6.764936587933182
0,door-unlock-v2,push-back-v2,3,6.637059183065464
0,door-unlock-v2,push-back-v2,4,5.873843981628743
0,door-unlock-v2,push-back-v2,5,6.195861703595283
0,door-unlock-v2,push-back-v2,6,6.015503194356123
0,door-unlock-v2,push-back-v2,7,6.42072096429646
0,door-unlock-v2,push-back-v2,8,6.298661451623235
0,door-unlock-v2,push-back-v2,9,5.932137413235915
0,door-unlock-v2,reach-v2,0,6.12281240513702
0,door-unlock-v2,reach-v2,1,5.788413910631323
0,door-unlock-v2,reach-v2,2,5.374985762715287
0,door-unlock-v2,reach-v2,3,6.193200392795913
0,door-unlock-v2,reach-v2,4,5.92675577951185
0,door-unlock-v2,reach-v2,5,5.640332550940824
0,door-unlock-v2,reach-v2,6,6.076916550519872
0,door-unlock-v2,reach-v2,7,5.989262812033027
0,door-unlock-v2,reach-v2,8,5.913908807959215
0,door-unlock-v2,reach-v2,9,6.356402631969747
0,door-unlock-v2,reach-wall-v2,0,6.540323485705549
0,door-unlock-v2,reach-wall-v2,1,6.768225944159281
0,door-unlock-v2,reach-wall-v2,2,6.106320606636009
0,door-unlock-v2,reach-wall-v2,3,6.153958750856385
0,door-unlock-v2,reach-wall-v2,4,5.651475835639208
0,door-unlock-v2,reach-wall-v2,5,6.459053484092004
0,door-unlock-v2,reach-wall-v2,6,5.863601907214044
0,door-unlock-v2,reach-wall-v2,7,6.333737990149853
0,door-unlock-v2,reach-wall-v2,8,6.18639786865437
0,door-unlock-v2,reach-wall-v2,9,6.630719913379495
0,handle-press-side-v2,coffee-button-v2,0,7.760456065917991
0,handle-press-side-v2,coffee-button-v2,1,7.7624304033840925
0,handle-press-side-v2,coffee-button-v2,2,7.313429710764591
0,handle-press-side-v2,coffee-button-v2,3,7.321679539570718
0,handle-press-side-v2,coffee-button-v2,4,7.4167735720356225
0,handle-press-side-v2,coffee-button-v2,5,6.893556310998647
0,handle-press-side-v2,coffee-button-v2,6,7.495254956193802
0,handle-press-side-v2,coffee-button-v2,7,8.037017508505736
0,handle-press-side-v2,coffee-button-v2,8,7.303998777224227
0,handle-press-side-v2,coffee-button-v2,9,7.348604246567254
0,handle-press-side-v2,dial-turn-v2,0,6.9980992706032925
0,handle-press-side-v2,dial-turn-v2,1,7.077186042479258
0,handle-press-side-v2,dial-turn-v2,2,6.254399775953178
0,handle-press-side-v2,dial-turn-v2,3,6.371756471998755
0,handle-press-side-v2,dial-turn-v2,4,6.576634165994614
0,handle-press-side-v2,dial-turn-v2,5,6.209520477905746
0,handle-press-side-v2,dial-turn-v2,6,6.912525117710185
0,handle-press-side-v2,dial-turn-v2,7,7.234183513874061
0,handle-press-side-v2,dial-turn-v2,8,7.0159861179030125
0,handle-press-side-v2,dial-turn-v2,9,6.858814398613488
0,handle-press-side-v2,door-unlock-v2,0,1.8908568435516442
0,handle-press-side-v2,door-unlock-v2,1,2.004637720313719
0,handle-press-side-v2,door-unlock-v2,2,2.384776987807766
0,handle-press-side-v2,door-unlock-v2,3,1.9326638179058422
0,handle-press-side-v2,door-unlock-v2,4,2.0466763386061384
0,handle-press-side-v2,door-unlock-v2,5,1.886241938772465
0,handle-press-side-v2,door-unlock-v2,6,2.18015764364133
0,handle-press-side-v2,door-unlock-v2,7,2.2802446295853738
0,handle-press-side-v2,door-unlock-v2,8,2.0099892848472085
0,handle-press-side-v2,door-unlock-v2,9,2.6822017855772557
0,handle-press-side-v2,handle-press-side-v2,0,0.06778299539962405
0,handle-press-side-v2,handle-press-side-v2,1,0.07000591988998732
0,handle-press-side-v2,handle-press-side-v2,2,0.0674585285496517
0,handle-press-side-v2,handle-press-side-v2,3,0.06745926507734526
0,handle-press-side-v2,handle-press-side-v2,4,0.06747239583508248
0,handle-press-side-v2,handle-press-side-v2,5,0.06751516731327235
0,handle-press-side-v2,handle-press-side-v2,6,0.06745652430576254
0,handle-press-side-v2,handle-press-side-v2,7,0.06745610492234533
0,handle-press-side-v2,handle-press-side-v2,8,0.06860698077404384
0,handle-press-side-v2,handle-press-side-v2,9,0.06745632114628619
0,handle-press-side-v2,handle-press-v2,0,0.7005748861909433
0,handle-press-side-v2,handle-press-v2,1,0.6812158257319002
0,handle-press-side-v2,handle-press-v2,2,0.7151002512740515
0,handle-press-side-v2,handle-press-v2,3,0.842964549603644
0,handle-press-side-v2,handle-press-v2,4,0.7298123668675688
0,handle-press-side-v2,handle-press-v2,5,0.6818273665356068
0,handle-press-side-v2,handle-press-v2,6,0.6643841383675724
0,handle-press-side-v2,handle-press-v2,7,0.716286501227944
0,handle-press-side-v2,handle-press-v2,8,0.7890559861129033
0,handle-press-side-v2,handle-press-v2,9,0.7091034877420674
0,handle-press-side-v2,plate-slide-back-v2,0,6.313344900522777
0,handle-press-side-v2,plate-slide-back-v2,1,5.7500497632638705
0,handle-press-side-v2,plate-slide-back-v2,2,6.6023043252918026
0,handle-press-side-v2,plate-slide-back-v2,3,6.17506177161822
0,handle-press-side-v2,plate-slide-back-v2,4,7.04712523347928
0,handle-press-side-v2,plate-slide-back-v2,5,6.35848748629949
0,handle-press-side-v2,plate-slide-back-v2,6,5.9787622446846065
0,handle-press-side-v2,plate-slide-back-v2,7,6.426988194857312
0,handle-press-side-v2,plate-slide-back-v2,8,6.987877241256728
0,handle-press-side-v2,plate-slide-back-v2,9,7.160521842972608
0,handle-press-side-v2,plate-slide-v2,0,6.66524982367553
0,handle-press-side-v2,plate-slide-v2,1,6.26403700678113
0,handle-press-side-v2,plate-slide-v2,2,5.970984506658137
0,handle-press-side-v2,plate-slide-v2,3,6.699540210534095
0,handle-press-side-v2,plate-slide-v2,4,6.88915867372142
0,handle-press-side-v2,plate-slide-v2,5,6.029608065927401
0,handle-press-side-v2,plate-slide-v2,6,6.297269293899722
0,handle-press-side-v2,plate-slide-v2,7,6.958810717598371
0,handle-press-side-v2,plate-slide-v2,8,6.5827177757691135
0,handle-press-side-v2,plate-slide-v2,9,6.4547131016792925
0,handle-press-side-v2,push-back-v2,0,6.913189923938425
0,handle-press-side-v2,push-back-v2,1,7.183833064224999
0,handle-press-side-v2,push-back-v2,2,6.686483164994936
0,handle-press-side-v2,push-back-v2,3,6.966764049976378
0,handle-press-side-v2,push-back-v2,4,6.622520911459803
0,handle-press-side-v2,push-back-v2,5,7.19277248918281
0,handle-press-side-v2,push-back-v2,6,7.167436221964879
0,handle-press-side-v2,push-back-v2,7,7.204508153586017
0,handle-press-side-v2,push-back-v2,8,7.579420430119393
0,handle-press-side-v2,push-back-v2,9,6.633831647501325
0,handle-press-side-v2,reach-v2,0,6.092738482361199
0,handle-press-side-v2,reach-v2,1,5.783080121672138
0,handle-press-side-v2,reach-v2,2,5.585284609437538
0,handle-press-side-v2,reach-v2,3,5.766211834340828
0,handle-press-side-v2,reach-v2,4,5.793858165885375
0,handle-press-side-v2,reach-v2,5,6.076215349173429
0,handle-press-side-v2,reach-v2,6,5.445865856268902
0,handle-press-side-v2,reach-v2,7,5.878552259497755
0,handle-press-side-v2,reach-v2,8,5.891960304516114
0,handle-press-side-v2,reach-v2,9,5.60867028200788
0,handle-press-side-v2,reach-wall-v2,0,5.878445301193477
0,handle-press-side-v2,reach-wall-v2,1,5.8846024723285275
0,handle-press-side-v2,reach-wall-v2,2,5.799514927940222
0,handle-press-side-v2,reach-wall-v2,3,5.718824445890894
0,handle-press-side-v2,reach-wall-v2,4,6.200242353506153
0,handle-press-side-v2,reach-wall-v2,5,6.270480521805687
0,handle-press-side-v2,reach-wall-v2,6,6.318728693265149
0,handle-press-side-v2,reach-wall-v2,7,5.591920634608844
0,handle-press-side-v2,reach-wall-v2,8,5.936131848898378
0,handle-press-side-v2,reach-wall-v2,9,5.847457587235467
0,handle-press-v2,coffee-button-v2,0,7.491275807817032
0,handle-press-v2,coffee-button-v2,1,7.830287403958926
0,handle-press-v2,coffee-button-v2,2,7.860326421193225
0,handle-press-v2,coffee-button-v2,3,7.463366902252213
0,handle-press-v2,coffee-button-v2,4,8.158357373019593
0,handle-press-v2,coffee-button-v2,5,7.675683298302662
0,handle-press-v2,coffee-button-v2,6,8.457546611363892
0,handle-press-v2,coffee-button-v2,7,7.741687751133895
0,handle-press-v2,coffee-button-v2,8,7.935201478782272
0,handle-press-v2,coffee-button-v2,9,7.528742799393612
0,handle-press-v2,dial-turn-v2,0,7.2122230335143
0,handle-press-v2,dial-turn-v2,1,7.596742789738813
0,handle-press-v2,dial-turn-v2,2,6.579443562352768
0,handle-press-v2,dial-turn-v2,3,7.2399198296137115
0,handle-press-v2,dial-turn-v2,4,7.59380273400249
0,handle-press-v2,dial-turn-v2,5,6.793176098811178
0,handle-press-v2,dial-turn-v2,6,6.897775921028847
0,handle-press-v2,dial-turn-v2,7,6.818881035906042
0,handle-press-v2,dial-turn-v2,8,6.364256782278798
0,handle-press-v2,dial-turn-v2,9,7.08888965413715
0,handle-press-v2,door-unlock-v2,0,2.03297245307301
0,handle-press-v2,door-unlock-v2,1,1.7424210017342696
0,handle-press-v2,door-unlock-v2,2,2.4386774736263446
0,handle-press-v2,door-unlock-v2,3,2.4298954374305897
0,handle-press-v2,door-unlock-v2,4,3.0260790909347004
0,handle-press-v2,door-unlock-v2,5,3.251640092864492
0,handle-press-v2,door-unlock-v2,6,2.918683132518664
0,handle-press-v2,door-unlock-v2,7,1.9174159525068284
0,handle-press-v2,door-unlock-v2,8,2.5970381308154518
0,handle-press-v2,door-unlock-v2,9,1.9937046001159393
0,handle-press-v2,handle-press-side-v2,0,0.7475782295071685
0,handle-press-v2,handle-press-side-v2,1,0.6571200489443643
0,handle-press-v2,handle-press-side-v2,2,0.7094375451320205
0,handle-press-v2,handle-press-side-v2,3,0.6790257916021819
0,handle-press-v2,handle-press-side-v2,4,0.6658506294769075
0,handle-press-v2,handle-press-side-v2,5,0.7939773390163928
0,handle-press-v2,handle-press-side-v2,6,0.7531136825027349
0,handle-press-v2,handle-press-side-v2,7,0.7035448999720979
0,handle-press-v2,handle-press-side-v2,8,0.7297690398813498
0,handle-press-v2,handle-press-side-v2,9,0.6714280925935615
0,handle-press-v2,handle-press-v2,0,0.030541541691711353
0,handle-press-v2,handle-press-v2,1,0.030169144833871592
0,handle-press-v2,handle-press-v2,2,0.03045688881243678
0,handle-press-v2,handle-press-v2,3,0.030184320062971413
0,handle-press-v2,handle-press-v2,4,0.031254165111964105
0,handle-press-v2,handle-press-v2,5,0.030539597748918165
0,handle-press-v2,handle-press-v2,6,0.030387975302109762
0,handle-press-v2,handle-press-v2,7,0.030170757957375203
0,handle-press-v2,handle-press-v2,8,0.030159888899926452
0,handle-press-v2,handle-press-v2,9,0.030994295747052585
0,handle-press-v2,plate-slide-back-v2,0,6.405637342017766
0,handle-press-v2,plate-slide-back-v2,1,6.483524186350086
0,handle-press-v2,plate-slide-back-v2,2,6.244305908167664
0,handle-press-v2,plate-slide-back-v2,3,7.129647468081177
0,handle-press-v2,plate-slide-back-v2,4,7.18745760180754
0,handle-press-v2,plate-slide-back-v2,5,6.863893202539218
0,handle-press-v2,plate-slide-back-v2,6,5.876343771095515
0,handle-press-v2,plate-slide-back-v2,7,7.276980212113226
0,handle-press-v2,plate-slide-back-v2,8,6.579764567031468
0,handle-press-v2,plate-slide-back-v2,9,6.149091505980267
0,handle-press-v2,plate-slide-v2,0,6.907216448534639
0,handle-press-v2,plate-slide-v2,1,6.686789396204482
0,handle-press-v2,plate-slide-v2,2,6.90111333519027
0,handle-press-v2,plate-slide-v2,3,6.521713462807188
0,handle-press-v2,plate-slide-v2,4,5.930255503797716
0,handle-press-v2,plate-slide-v2,5,6.009072110028782
0,handle-press-v2,plate-slide-v2,6,6.023694504598209
0,handle-press-v2,plate-slide-v2,7,6.390956867459246
0,handle-press-v2,plate-slide-v2,8,6.275181051876537
0,handle-press-v2,plate-slide-v2,9,6.219969708244105
0,handle-press-v2,push-back-v2,0,6.949445223768691
0,handle-press-v2,push-back-v2,1,6.9523557069288
0,handle-press-v2,push-back-v2,2,7.411937344160442
0,handle-press-v2,push-back-v2,3,6.593181871842152
0,handle-press-v2,push-back-v2,4,6.98164405297314
0,handle-press-v2,push-back-v2,5,7.180457534942518
0,handle-press-v2,push-back-v2,6,7.306429711070081
0,handle-press-v2,push-back-v2,7,6.713115908037715
0,handle-press-v2,push-back-v2,8,6.408270008792848
0,handle-press-v2,push-back-v2,9,7.114711833635895
0,handle-press-v2,reach-v2,0,6.375294219327334
0,handle-press-v2,reach-v2,1,5.735263179075728
0,handle-press-v2,reach-v2,2,5.667961550867638
0,handle-press-v2,reach-v2,3,6.602207720405944
0,handle-press-v2,reach-v2,4,6.106342185886698
0,handle-press-v2,reach-v2,5,6.235918774111581
0,handle-press-v2,reach-v2,6,6.350615433423832
0,handle-press-v2,reach-v2,7,6.032906415025269
0,handle-press-v2,reach-v2,8,6.105283703407592
0,handle-press-v2,reach-v2,9,5.9852343152710805
0,handle-press-v2,reach-wall-v2,0,6.219719415783428
0,handle-press-v2,reach-wall-v2,1,6.206941326145837
0,handle-press-v2,reach-wall-v2,2,6.619047367530004
0,handle-press-v2,reach-wall-v2,3,6.167234187665226
0,handle-press-v2,reach-wall-v2,4,5.883115418945984
0,handle-press-v2,reach-wall-v2,5,6.369806848510187
0,handle-press-v2,reach-wall-v2,6,6.434742262603029
0,handle-press-v2,reach-wall-v2,7,5.643864838387376
0,handle-press-v2,reach-wall-v2,8,6.648922781524055
0,handle-press-v2,reach-wall-v2,9,6.193255537951398
0,plate-slide-back-v2,coffee-button-v2,0,4.123846209246593
0,plate-slide-back-v2,coffee-button-v2,1,4.250237784163614
0,plate-slide-back-v2,coffee-button-v2,2,4.192843335489398
0,plate-slide-back-v2,coffee-button-v2,3,3.945314340097354
0,plate-slide-back-v2,coffee-button-v2,4,4.354367928015219
0,plate-slide-back-v2,coffee-button-v2,5,4.258318698335027
0,plate-slide-back-v2,coffee-button-v2,6,4.212348325186074
0,plate-slide-back-v2,coffee-button-v2,7,4.293641586198887
0,plate-slide-back-v2,coffee-button-v2,8,4.507078053105361
0,plate-slide-back-v2,coffee-button-v2,9,4.080111717507952
0,plate-slide-back-v2,dial-turn-v2,0,2.0877744961374303
0,plate-slide-back-v2,dial-turn-v2,1,2.080139366921894
0,plate-slide-back-v2,dial-turn-v2,2,2.0749656611089726
0,plate-slide-back-v2,dial-turn-v2,3,2.0884039519424413
0,plate-slide-back-v2,dial-turn-v2,4,2.0801223913789206
0,plate-slide-back-v2,dial-turn-v2,5,2.090077003995698
0,plate-slide-back-v2,dial-turn-v2,6,2.0913072952911462
0,plate-slide-back-v2,dial-turn-v2,7,2.086804787728156
0,plate-slide-back-v2,dial-turn-v2,8,2.0849597554594466
0,plate-slide-back-v2,dial-turn-v2,9,2.0783339721732625
0,plate-slide-back-v2,door-unlock-v2,0,5.8541886716854075
0,plate-slide-back-v2,door-unlock-v2,1,5.8222510533126375
0,plate-slide-back-v2,door-unlock-v2,2,6.382514714845301
0,plate-slide-back-v2,door-unlock-v2,3,5.722578085528309
0,plate-slide-back-v2,door-unlock-v2,4,5.810230596851274
0,plate-slide-back-v2,door-unlock-v2,5,5.606064953104069
0,plate-slide-back-v2,door-unlock-v2,6,6.253363506462684
0,plate-slide-back-v2,door-unlock-v2,7,5.096574672062311
0,plate-slide-back-v2,door-unlock-v2,8,5.8788906646375905
0,plate-slide-back-v2,door-unlock-v2,9,6.114319861843277
0,plate-slide-back-v2,handle-press-side-v2,0,7.037383477846405
0,plate-slide-back-v2,handle-press-side-v2,1,6.532967799487083
0,plate-slide-back-v2,handle-press-side-v2,2,6.183571898012548
0,plate-slide-back-v2,handle-press-side-v2,3,6.490490533195798
0,plate-slide-back-v2,handle-press-side-v2,4,5.958210427488896
0,plate-slide-back-v2,handle-press-side-v2,5,5.512846351949078
0,plate-slide-back-v2,handle-press-side-v2,6,6.472568405228729
0,plate-slide-back-v2,handle-press-side-v2,7,6.119685467567357
0,plate-slide-back-v2,handle-press-side-v2,8,5.928193501256699
0,plate-slide-back-v2,handle-press-side-v2,9,6.277119486726219
0,plate-slide-back-v2,handle-press-v2,0,6.78438783403351
0,plate-slide-back-v2,handle-press-v2,1,6.700660057456444
0,plate-slide-back-v2,handle-press-v2,2,6.775254488837561
0,plate-slide-back-v2,handle-press-v2,3,6.166411153417466
0,plate-slide-back-v2,handle-press-v2,4,6.833507978868151
0,plate-slide-back-v2,handle-press-v2,5,6.2872740891659085
0,plate-slide-back-v2,handle-press-v2,6,6.469829959201834
0,plate-slide-back-v2,handle-press-v2,7,6.879221921176528
0,plate-slide-back-v2,handle-press-v2,8,6.572823463424455
0,plate-slide-back-v2,handle-press-v2,9,7.1784482844254445
0,plate-slide-back-v2,plate-slide-back-v2,0,6.866706430036751e-09
0,plate-slide-back-v2,plate-slide-back-v2,1,4.872090540538887e-09
0,plate-slide-back-v2,plate-slide-back-v2,2,2.6973983046972192e-09
0,plate-slide-back-v2,plate-slide-back-v2,3,5.0286967973796846e-09
0,plate-slide-back-v2,plate-slide-back-v2,4,5.098527982437671e-09
0,plate-slide-back-v2,plate-slide-back-v2,5,7.697170078149302e-09
0,plate-slide-back-v2,plate-slide-back-v2,6,5.040677934582464e-09
0,plate-slide-back-v2,plate-slide-back-v2,7,3.1742354629003447e-09
0,plate-slide-back-v2,plate-slide-back-v2,8,3.3717478808715247e-09
0,plate-slide-back-v2,plate-slide-back-v2,9,1.4185303374065956e-09
0,plate-slide-back-v2,plate-slide-v2,0,0.3847950977559976
0,plate-slide-back-v2,plate-slide-v2,1,0.41108696473558537
0,plate-slide-back-v2,plate-slide-v2,2,0.4037304215053017
0,plate-slide-back-v2,plate-slide-v2,3,0.4223561698884131
0,plate-slide-back-v2,plate-slide-v2,4,0.4047849800266884
0,plate-slide-back-v2,plate-slide-v2,5,0.3882214747979521
0,plate-slide-back-v2,plate-slide-v2,6,0.3906181247970404
0,plate-slide-back-v2,plate-slide-v2,7,0.3928995729135416
0,plate-slide-back-v2,plate-slide-v2,8,0.39705563335562916
0,plate-slide-back-v2,plate-slide-v2,9,0.3992584618480764
0,plate-slide-back-v2,push-back-v2,0,0.7721347564898764
0,plate-slide-back-v2,push-back-v2,1,0.8210298116811535
0,plate-slide-back-v2,push-back-v2,2,0.7663208028237675
0,plate-slide-back-v2,push-back-v2,3,0.83206888892763
0,plate-slide-back-v2,push-back-v2,4,0.7723948476883934
0,plate-slide-back-v2,push-back-v2,5,0.8343694313487175
0,plate-slide-back-v2,push-back-v2,6,0.7509606448443206
0,plate-slide-back-v2,push-back-v2,7,0.7717259745960661
0,plate-slide-back-v2,push-back-v2,8,0.7405722213246869
0,plate-slide-back-v2,push-back-v2,9,0.8622306335678264
0,plate-slide-back-v2,reach-v2,0,1.3259854682700878
0,plate-slide-back-v2,reach-v2,1,1.1831391481669118
0,plate-slide-back-v2,reach-v2,2,1.2005359102291393
0,plate-slide-back-v2,reach-v2,3,1.185777835359565
0,plate-slide-back-v2,reach-v2,4,1.2385075460842208
0,plate-slide-back-v2,reach-v2,5,1.2701624166350578
0,plate-slide-back-v2,reach-v2,6,1.1505252406554953
0,plate-slide-back-v2,reach-v2,7,1.1396045315708825
0,plate-slide-back-v2,reach-v2,8,1.146844802773883
0,plate-slide-back-v2,reach-v2,9,1.0261985817558545
0,plate-slide-back-v2,reach-wall-v2,0,1.317427031110414
0,plate-slide-back-v2,reach-wall-v2,1,1.2678491237863516
0,plate-slide-back-v2,reach-wall-v2,2,1.2293499248738333
0,plate-slide-back-v2,reach-wall-v2,3,1.2151675357549558
0,plate-slide-back-v2,reach-wall-v2,4,1.424939777982046
0,plate-slide-back-v2,reach-wall-v2,5,1.2683633564179355
0,plate-slide-back-v2,reach-wall-v2,6,1.2369796247716984
0,plate-slide-back-v2,reach-wall-v2,7,1.2968482525861926
0,plate-slide-back-v2,reach-wall-v2,8,1.2750821613868906
0,plate-slide-back-v2,reach-wall-v2,9,1.5645175544624645
0,plate-slide-v2,coffee-button-v2,0,4.134705103327004
0,plate-slide-v2,coffee-button-v2,1,3.533172620461176
0,plate-slide-v2,coffee-button-v2,2,4.157742107275763
0,plate-slide-v2,coffee-button-v2,3,3.7425385405879164
0,plate-slide-v2,coffee-button-v2,4,3.7779625726920636
0,plate-slide-v2,coffee-button-v2,5,3.464224029592514
0,plate-slide-v2,coffee-button-v2,6,3.8643764577967166
0,plate-slide-v2,coffee-button-v2,7,3.464026401288683
0,plate-slide-v2,coffee-button-v2,8,3.8204244282564246
0,plate-slide-v2,coffee-button-v2,9,3.8111604272267674
0,plate-slide-v2,dial-turn-v2,0,2.1632405849897816
0,plate-slide-v2,dial-turn-v2,1,2.300114301528865
0,plate-slide-v2,dial-turn-v2,2,2.277387643851367
0,plate-slide-v2,dial-turn-v2,3,2.191427374429027
0,plate-slide-v2,dial-turn-v2,4,2.2603688464763954
0,plate-slide-v2,dial-turn-v2,5,2.4055571357849526
0,plate-slide-v2,dial-turn-v2,6,2.23987318317656
0,plate-slide-v2,dial-turn-v2,7,2.184336472670804
0,plate-slide-v2,dial-turn-v2,8,2.146870637432458
0,plate-slide-v2,dial-turn-v2,9,2.3347072467608756
0,plate-slide-v2,door-unlock-v2,0,5.614454088251041
0,plate-slide-v2,door-unlock-v2,1,5.244603701723417
0,plate-slide-v2,door-unlock-v2,2,4.854857070256787
0,plate-slide-v2,door-unlock-v2,3,5.280763865538555
0,plate-slide-v2,door-unlock-v2,4,5.911388482925449
0,plate-slide-v2,door-unlock-v2,5,4.96879947321196
0,plate-slide-v2,door-unlock-v2,6,4.666553800296805
0,plate-slide-v2,door-unlock-v2,7,5.804613340244029
0,plate-slide-v2,door-unlock-v2,8,5.536417118590461
0,plate-slide-v2,door-unlock-v2,9,5.30173001093206
0,plate-slide-v2,handle-press-side-v2,0,5.552752636226713
0,plate-slide-v2,handle-press-side-v2,1,6.0280194871238
0,plate-slide-v2,handle-press-side-v2,2,5.648819148067331
0,plate-slide-v2,handle-press-side-v2,3,6.642104975928567
0,plate-slide-v2,handle-press-side-v2,4,5.856361561741127
0,plate-slide-v2,handle-press-side-v2,5,6.151047789267752
0,plate-slide-v2,handle-press-side-v2,6,5.972791375766268
0,plate-slide-v2,handle-press-side-v2,7,6.191583358018299
0,plate-slide-v2,handle-press-side-v2,8,6.5738586485774055
0,plate-slide-v2,handle-press-side-v2,9,6.5709214112727565
0,plate-slide-v2,handle-press-v2,0,5.652936792630683
0,plate-slide-v2,handle-press-v2,1,6.540533776533685
0,plate-slide-v2,handle-press-v2,2,5.497395277273055
0,plate-slide-v2,handle-press-v2,3,6.773686284222842
0,plate-slide-v2,handle-press-v2,4,6.302871105128745
0,plate-slide-v2,handle-press-v2,5,6.067751152972718
0,plate-slide-v2,handle-press-v2,6,5.740732393397807
0,plate-slide-v2,handle-press-v2,7,6.461595944525895
0,plate-slide-v2,handle-press-v2,8,6.596042624189183
0,plate-slide-v2,handle-press-v2,9,6.230255200219611
0,plate-slide-v2,plate-slide-back-v2,0,0.7382676491424336
0,plate-slide-v2,plate-slide-back-v2,1,0.6014007068811074
0,plate-slide-v2,plate-slide-back-v2,2,0.5758738566271437
0,plate-slide-v2,plate-slide-back-v2,3,0.5352252527712924
0,plate-slide-v2,plate-slide-back-v2,4,0.5766096723282407
0,plate-slide-v2,plate-slide-back-v2,5,0.7402164833822247
0,plate-slide-v2,plate-slide-back-v2,6,0.622255030058709
0,plate-slide-v2,plate-slide-back-v2,7,0.877457588923297
0,plate-slide-v2,plate-slide-back-v2,8,0.7262239729026303
0,plate-slide-v2,plate-slide-back-v2,9,0.7348050455017807
0,plate-slide-v2,plate-slide-v2,0,6.55796448097465e-09
0,plate-slide-v2,plate-slide-v2,1,1.2156086840198933e-07
0,plate-slide-v2,plate-slide-v2,2,7.855362252966908e-05
0,plate-slide-v2,plate-slide-v2,3,4.383272245132983e-09
0,plate-slide-v2,plate-slide-v2,4,9.501937032050232e-09
0,plate-slide-v2,plate-slide-v2,5,4.839656322770916e-09
0,plate-slide-v2,plate-slide-v2,6,1.2475311589122994e-08
0,plate-slide-v2,plate-slide-v2,7,6.23773357961232e-09
0,plate-slide-v2,plate-slide-v2,8,7.249257943873781e-09
0,plate-slide-v2,plate-slide-v2,9,7.767001263207287e-09
0,plate-slide-v2,push-back-v2,0,1.2118656504901633
0,plate-slide-v2,push-back-v2,1,1.2978583108808568
0,plate-slide-v2,push-back-v2,2,1.2960287197026317
0,plate-slide-v2,push-back-v2,3,1.2077139802165107
0,plate-slide-v2,push-back-v2,4,1.0856129169924973
0,plate-slide-v2,push-back-v2,5,1.3335588095468733
0,plate-slide-v2,push-back-v2,6,1.0520577350904978
0,plate-slide-v2,push-back-v2,7,1.1407581681407923
0,plate-slide-v2,push-back-v2,8,1.1935540476291884
0,plate-slide-v2,push-back-v2,9,1.229522154571102
0,plate-slide-v2,reach-v2,0,1.2331503730278575
0,plate-slide-v2,reach-v2,1,1.077245535399079
0,plate-slide-v2,reach-v2,2,1.0915203987097335
0,plate-slide-v2,reach-v2,3,1.2003382302656767
0,plate-slide-v2,reach-v2,4,1.1943698620824021
0,plate-slide-v2,reach-v2,5,1.218690268264897
0,plate-slide-v2,reach-v2,6,1.36139950268839
0,plate-slide-v2,reach-v2,7,1.2773092712574228
0,plate-slide-v2,reach-v2,8,1.106205097059485
0,plate-slide-v2,reach-v2,9,1.3176417907597118
0,plate-slide-v2,reach-wall-v2,0,1.3484554298452622
0,plate-slide-v2,reach-wall-v2,1,1.3170100856872524
0,plate-slide-v2,reach-wall-v2,2,1.3890226611253471
0,plate-slide-v2,reach-wall-v2,3,1.464279054868439
0,plate-slide-v2,reach-wall-v2,4,1.1886754871794873
0,plate-slide-v2,reach-wall-v2,5,1.0760270496513755
0,plate-slide-v2,reach-wall-v2,6,1.2086895318246984
0,plate-slide-v2,reach-wall-v2,7,1.3934559725235256
0,plate-slide-v2,reach-wall-v2,8,1.6372263513892304
0,plate-slide-v2,reach-wall-v2,9,1.307843247697013
0,push-back-v2,coffee-button-v2,0,3.2350890969566963
0,push-back-v2,coffee-button-v2,1,3.647552834323815
0,push-back-v2,coffee-button-v2,2,2.640055265876136
0,push-back-v2,coffee-button-v2,3,3.103853771172696
0,push-back-v2,coffee-button-v2,4,3.091893238550114
0,push-back-v2,coffee-button-v2,5,3.091051992608642
0,push-back-v2,coffee-button-v2,6,3.2271345252210177
0,push-back-v2,coffee-button-v2,7,3.1099237723143984
0,push-back-v2,coffee-button-v2,8,3.6213765362257635
0,push-back-v2,coffee-button-v2,9,3.319251945145929
0,push-back-v2,dial-turn-v2,0,2.2339219578876315
0,push-back-v2,dial-turn-v2,1,2.2602057241221116
0,push-back-v2,dial-turn-v2,2,2.2454472642845764
0,push-back-v2,dial-turn-v2,3,2.262686495055851
0,push-back-v2,dial-turn-v2,4,2.264365790867292
0,push-back-v2,dial-turn-v2,5,2.2375233209470866
0,push-back-v2,dial-turn-v2,6,2.249511316094289
0,push-back-v2,dial-turn-v2,7,2.2271225306325073
0,push-back-v2,dial-turn-v2,8,2.2346402615165437
0,push-back-v2,dial-turn-v2,9,2.258193077672644
0,push-back-v2,door-unlock-v2,0,6.200752981573998
0,push-back-v2,door-unlock-v2,1,5.770613463269391
0,push-back-v2,door-unlock-v2,2,6.486821544739909
0,push-back-v2,door-unlock-v2,3,6.10180824837174
0,push-back-v2,door-unlock-v2,4,6.043406729512046
0,push-back-v2,door-unlock-v2,5,6.188235890942742
0,push-back-v2,door-unlock-v2,6,6.003662737272652
0,push-back-v2,door-unlock-v2,7,5.393180475228894
0,push-back-v2,door-unlock-v2,8,6.36032393915652
0,push-back-v2,door-unlock-v2,9,5.8649747706795825
0,push-back-v2,handle-press-side-v2,0,3.720278027703678
0,push-back-v2,handle-press-side-v2,1,3.2393195110301236
0,push-back-v2,handle-press-side-v2,2,3.085422925007944
0,push-back-v2,handle-press-side-v2,3,3.8712551518371705
0,push-back-v2,handle-press-side-v2,4,3.2674348332362824
0,push-back-v2,handle-press-side-v2,5,3.6676608649510642
0,push-back-v2,handle-press-side-v2,6,3.1862696770821204
0,push-back-v2,handle-press-side-v2,7,3.1474084561750573
0,push-back-v2,handle-press-side-v2,8,3.127421334715714
0,push-back-v2,handle-press-side-v2,9,3.4907864310612577
0,push-back-v2,handle-press-v2,0,3.886686215178204
0,push-back-v2,handle-press-v2,1,3.564121812557814
0,push-back-v2,handle-press-v2,2,3.3869445588779774
0,push-back-v2,handle-press-v2,3,2.7597955588587832
0,push-back-v2,handle-press-v2,4,4.036241703822206
0,push-back-v2,handle-press-v2,5,3.975262834076233
0,push-back-v2,handle-press-v2,6,2.9474407226282895
0,push-back-v2,handle-press-v2,7,3.167619973788874
0,push-back-v2,handle-press-v2,8,3.593379318308764
0,push-back-v2,handle-press-v2,9,3.409613434497454
0,push-back-v2,plate-slide-back-v2,0,2.9370967849549388
0,push-back-v2,plate-slide-back-v2,1,3.0672735960965696
0,push-back-v2,plate-slide-back-v2,2,3.0514361827881475
0,push-back-v2,plate-slide-back-v2,3,2.944148606940337
0,push-back-v2,plate-slide-back-v2,4,3.040908813287924
0,push-back-v2,plate-slide-back-v2,5,2.9224386159158224
0,push-back-v2,plate-slide-back-v2,6,2.997494533047978
0,push-back-v2,plate-slide-back-v2,7,2.6889196485037283
0,push-back-v2,plate-slide-back-v2,8,3.0342470355925553
0,push-back-v2,plate-slide-back-v2,9,3.369033562717071
0,push-back-v2,plate-slide-v2,0,3.4590273565451803
0,push-back-v2,plate-slide-v2,1,3.3867305099091793
0,push-back-v2,plate-slide-v2,2,3.1795211718662237
0,push-back-v2,plate-slide-v2,3,3.8589560470871844
0,push-back-v2,plate-slide-v2,4,2.8920151285006632
0,push-back-v2,plate-slide-v2,5,3.102699855830357
0,push-back-v2,plate-slide-v2,6,3.253337729115313
0,push-back-v2,plate-slide-v2,7,3.1577504417897697
0,push-back-v2,plate-slide-v2,8,3.3978747713552306
0,push-back-v2,plate-slide-v2,9,3.511972040463072
0,push-back-v2,push-back-v2,0,0.032580002472215125
0,push-back-v2,push-back-v2,1,0.032577901915415416
0,push-back-v2,push-back-v2,2,0.03257790070331175
0,push-back-v2,push-back-v2,3,0.032578111960450615
0,push-back-v2,push-back-v2,4,0.03258253411449661
0,push-back-v2,push-back-v2,5,0.032577900766890225
0,push-back-v2,push-back-v2,6,0.03257790941184587
0,push-back-v2,push-back-v2,7,0.03261105686356209
0,push-back-v2,push-back-v2,8,0.03258104044070461
0,push-back-v2,push-back-v2,9,0.032581101712978136
0,push-back-v2,reach-v2,0,1.098681102960054
0,push-back-v2,reach-v2,1,1.0522609631060447
0,push-back-v2,reach-v2,2,1.0788232662075157
0,push-back-v2,reach-v2,3,1.0954261332142452
0,push-back-v2,reach-v2,4,1.0860569459670575
0,push-back-v2,reach-v2,5,1.0537241382641636
0,push-back-v2,reach-v2,6,1.0499109871252346
0,push-back-v2,reach-v2,7,1.0790935019007881
0,push-back-v2,reach-v2,8,1.072642625157652
0,push-back-v2,reach-v2,9,1.057554559696501
0,push-back-v2,reach-wall-v2,0,1.0791012908137858
0,push-back-v2,reach-wall-v2,1,1.0785132479696062
0,push-back-v2,reach-wall-v2,2,1.1000470012615906
0,push-back-v2,reach-wall-v2,3,1.1228828679900036
0,push-back-v2,reach-wall-v2,4,1.0600858109716818
0,push-back-v2,reach-wall-v2,5,1.1009383394408971
0,push-back-v2,reach-wall-v2,6,1.0711228433421922
0,push-back-v2,reach-wall-v2,7,1.1016826924678997
0,push-back-v2,reach-wall-v2,8,1.080802441354044
0,push-back-v2,reach-wall-v2,9,1.194924206806952
0,reach-v2,coffee-button-v2,0,6.162706197604852
0,reach-v2,coffee-button-v2,1,6.1247811451799175
0,reach-v2,coffee-button-v2,2,5.768230251569071
0,reach-v2,coffee-button-v2,3,7.023814157527425
0,reach-v2,coffee-button-v2,4,6.648278109844744
0,reach-v2,coffee-button-v2,5,6.076452485239599
0,reach-v2,coffee-button-v2,6,6.250125936038761
0,reach-v2,coffee-button-v2,7,7.1482049219881985
0,reach-v2,coffee-button-v2,8,7.15616147121376
0,reach-v2,coffee-button-v2,9,6.0501239821885235
0,reach-v2,dial-turn-v2,0,5.6350877582909975
0,reach-v2,dial-turn-v2,1,6.723437140588151
0,reach-v2,dial-turn-v2,2,5.609300939413358
0,reach-v2,dial-turn-v2,3,5.453333568903307
0,reach-v2,dial-turn-v2,4,6.882354666416589
0,reach-v2,dial-turn-v2,5,6.065587093513193
0,reach-v2,dial-turn-v2,6,5.416113913415297
0,reach-v2,dial-turn-v2,7,5.45967192476265
0,reach-v2,dial-turn-v2,8,6.855394942644371
0,reach-v2,dial-turn-v2,9,6.072852997370633
0,reach-v2,door-unlock-v2,0,4.274777589159548
0,reach-v2,door-unlock-v2,1,4.536082251030942
0,reach-v2,door-unlock-v2,2,5.538194018567966
0,reach-v2,door-unlock-v2,3,5.037733713501992
0,reach-v2,door-unlock-v2,4,4.290686799600169
0,reach-v2,door-unlock-v2,5,4.939560794446638
0,reach-v2,door-unlock-v2,6,4.743148287957218
0,reach-v2,door-unlock-v2,7,4.629360282901121
0,reach-v2,door-unlock-v2,8,5.253880804392275
0,reach-v2,door-unlock-v2,9,4.51860158130835
0,reach-v2,handle-press-side-v2,0,4.506233245598168
0,reach-v2,handle-press-side-v2,1,4.448750287065381
0,reach-v2,handle-press-side-v2,2,4.5202836375510405
0,reach-v2,handle-press-side-v2,3,4.612997719138511
0,reach-v2,handle-press-side-v2,4,4.639710212197977
0,reach-v2,handle-press-side-v2,5,4.952005778965706
0,reach-v2,handle-press-side-v2,6,4.469942953939304
0,reach-v2,handle-press-side-v2,7,4.545118228167989
0,reach-v2,handle-press-side-v2,8,5.185840383738046
0,reach-v2,handle-press-side-v2,9,4.24884397108095
0,reach-v2,handle-press-v2,0,3.81714181707616
0,reach-v2,handle-press-v2,1,4.113625232313903
0,reach-v2,handle-press-v2,2,4.008638667461162
0,reach-v2,handle-press-v2,3,4.512205566288451
0,reach-v2,handle-press-v2,4,3.8976706613402397
0,reach-v2,handle-press-v2,5,5.265415836400636
0,reach-v2,handle-press-v2,6,5.371366052721834
0,reach-v2,handle-press-v2,7,4.434093698407612
0,reach-v2,handle-press-v2,8,4.905369199345364
0,reach-v2,handle-press-v2,9,4.5461867989301
0,reach-v2,plate-slide-back-v2,0,6.576127178772868
0,reach-v2,plate-slide-back-v2,1,6.809736981810907
0,reach-v2,plate-slide-back-v2,2,6.569899540188678
0,reach-v2,plate-slide-back-v2,3,6.442245281530967
0,reach-v2,plate-slide-back-v2,4,6.068281379627865
0,reach-v2,plate-slide-back-v2,5,6.30989000594087
0,reach-v2,plate-slide-back-v2,6,6.76837588571084
0,reach-v2,plate-slide-back-v2,7,6.657628193721142
0,reach-v2,plate-slide-back-v2,8,6.718047733083306
0,reach-v2,plate-slide-back-v2,9,7.175881039858054
0,reach-v2,plate-slide-v2,0,6.711740595489974
0,reach-v2,plate-slide-v2,1,6.556666013468783
0,reach-v2,plate-slide-v2,2,6.974277954409106
0,reach-v2,plate-slide-v2,3,6.428862373816354
0,reach-v2,plate-slide-v2,4,7.137240212813978
0,reach-v2,plate-slide-v2,5,6.086645604275511
0,reach-v2,plate-slide-v2,6,6.771813158088137
0,reach-v2,plate-slide-v2,7,6.411031221999798
0,reach-v2,plate-slide-v2,8,6.882827344176089
0,reach-v2,plate-slide-v2,9,6.653861957265524
0,reach-v2,push-back-v2,0,3.8235996777332
0,reach-v2,push-back-v2,1,3.0939744343045157
0,reach-v2,push-back-v2,2,3.774804065101213
0,reach-v2,push-back-v2,3,3.8974304650665035
0,reach-v2,push-back-v2,4,3.9280530188031886
0,reach-v2,push-back-v2,5,4.304713946237087
0,reach-v2,push-back-v2,6,3.6338535996845587
0,reach-v2,push-back-v2,7,4.322199099681729
0,reach-v2,push-back-v2,8,4.366641990060662
0,reach-v2,push-back-v2,9,4.061398767713962
0,reach-v2,reach-v2,0,0.04340742486229369
0,reach-v2,reach-v2,1,0.04340742470024469
0,reach-v2,reach-v2,2,0.043407424700282325
0,reach-v2,reach-v2,3,0.05112992856425997
0,reach-v2,reach-v2,4,0.04340742470026405
0,reach-v2,reach-v2,5,0.04340742470024841
0,reach-v2,reach-v2,6,0.0434074247002628
0,reach-v2,reach-v2,7,0.04340742470025155
0,reach-v2,reach-v2,8,0.043407424700298916
0,reach-v2,reach-v2,9,0.04340742470029827
0,reach-v2,reach-wall-v2,0,0.18974473950131673
0,reach-v2,reach-wall-v2,1,0.12891013465490506
0,reach-v2,reach-wall-v2,2,0.11959563154949801
0,reach-v2,reach-wall-v2,3,0.15278202896812318
0,reach-v2,reach-wall-v2,4,0.15997967379101716
0,reach-v2,reach-wall-v2,5,0.2290879589833066
0,reach-v2,reach-wall-v2,6,0.3993220700154937
0,reach-v2,reach-wall-v2,7,0.13304619830626674
0,reach-v2,reach-wall-v2,8,0.1495669734718164
0,reach-v2,reach-wall-v2,9,0.18482846344687562
0,reach-wall-v2,coffee-button-v2,0,6.918549192314758
0,reach-wall-v2,coffee-button-v2,1,6.740405900265218
0,reach-wall-v2,coffee-button-v2,2,6.545187082534796
0,reach-wall-v2,coffee-button-v2,3,6.806937252450241
0,reach-wall-v2,coffee-button-v2,4,5.851848740856911
0,reach-wall-v2,coffee-button-v2,5,6.598086503376503
0,reach-wall-v2,coffee-button-v2,6,6.221505735334721
0,reach-wall-v2,coffee-button-v2,7,7.184012114423108
0,reach-wall-v2,coffee-button-v2,8,6.392625540138242
0,reach-wall-v2,coffee-button-v2,9,6.5091365463944175
0,reach-wall-v2,dial-turn-v2,0,5.2176684339423405
0,reach-wall-v2,dial-turn-v2,1,6.151917468855923
0,reach-wall-v2,dial-turn-v2,2,6.318463357545185
0,reach-wall-v2,dial-turn-v2,3,6.188366763006822
0,reach-wall-v2,dial-turn-v2,4,5.950465561728839
0,reach-wall-v2,dial-turn-v2,5,5.84001927588758
0,reach-wall-v2,dial-turn-v2,6,6.153219236140219
0,reach-wall-v2,dial-turn-v2,7,6.283330841230231
0,reach-wall-v2,dial-turn-v2,8,5.458268076068356
0,reach-wall-v2,dial-turn-v2,9,5.648860891335788
0,reach-wall-v2,door-unlock-v2,0,4.26208694362587
0,reach-wall-v2,door-unlock-v2,1,4.821921805032332
0,reach-wall-v2,door-unlock-v2,2,4.790793251863207
0,reach-wall-v2,door-unlock-v2,3,5.09611374463349
0,reach-wall-v2,door-unlock-v2,4,6.113945536907465
0,reach-wall-v2,door-unlock-v2,5,5.605551172878203
0,reach-wall-v2,door-unlock-v2,6,5.1745676721832465
0,reach-wall-v2,door-unlock-v2,7,4.566016992109824
0,reach-wall-v2,door-unlock-v2,8,5.249998677206048
0,reach-wall-v2,door-unlock-v2,9,5.185075433032556
0,reach-wall-v2,handle-press-side-v2,0,4.840631662128485
0,reach-wall-v2,handle-press-side-v2,1,4.7297963742670905
0,reach-wall-v2,handle-press-side-v2,2,5.301576150796133
0,reach-wall-v2,handle-press-side-v2,3,3.7364175522069143
0,reach-wall-v2,handle-press-side-v2,4,4.88561882682148
0,reach-wall-v2,handle-press-side-v2,5,4.974529062833674
0,reach-wall-v2,handle-press-side-v2,6,4.997591693200223
0,reach-wall-v2,handle-press-side-v2,7,4.074200586149447
0,reach-wall-v2,handle-press-side-v2,8,5.260735583002747
0,reach-wall-v2,handle-press-side-v2,9,4.840151372120472
0,reach-wall-v2,handle-press-v2,0,5.3925927449336015
0,reach-wall-v2,handle-press-v2,1,5.201489874886016
0,reach-wall-v2,handle-press-v2,2,4.528639988714916
0,reach-wall-v2,handle-press-v2,3,4.108697904453578
0,reach-wall-v2,handle-press-v2,4,5.0506852170532355
0,reach-wall-v2,handle-press-v2,5,3.672994460338096
0,reach-wall-v2,handle-press-v2,6,5.070630448393218
0,reach-wall-v2,handle-press-v2,7,5.245831589350327
0,reach-wall-v2,handle-press-v2,8,5.1966269069554984
0,reach-wall-v2,handle-press-v2,9,4.429226140738043
0,reach-wall-v2,plate-slide-back-v2,0,6.494043302968271
0,reach-wall-v2,plate-slide-back-v2,1,5.904303245203932
0,reach-wall-v2,plate-slide-back-v2,2,6.77114372933202
0,reach-wall-v2,plate-slide-back-v2,3,7.0172082112781835
0,reach-wall-v2,plate-slide-back-v2,4,6.655109306724061
0,reach-wall-v2,plate-slide-back-v2,5,6.358531205492141
0,reach-wall-v2,plate-slide-back-v2,6,7.590037314954669
0,reach-wall-v2,plate-slide-back-v2,7,6.237820946580024
0,reach-wall-v2,plate-slide-back-v2,8,6.9748514308606095
0,reach-wall-v2,plate-slide-back-v2,9,6.803501570494175
0,reach-wall-v2,plate-slide-v2,0,7.1166590699309875
0,reach-wall-v2,plate-slide-v2,1,6.836472022775369
0,reach-wall-v2,plate-slide-v2,2,6.763993664577396
0,reach-wall-v2,plate-slide-v2,3,6.527822688320794
0,reach-wall-v2,plate-slide-v2,4,7.155613458754871
0,reach-wall-v2,plate-slide-v2,5,6.66830063769182
0,reach-wall-v2,plate-slide-v2,6,6.4832319516485875
0,reach-wall-v2,plate-slide-v2,7,7.39251528722288
0,reach-wall-v2,plate-slide-v2,8,7.429818763994131
0,reach-wall-v2,plate-slide-v2,9,6.481723677904066
0,reach-wall-v2,push-back-v2,0,3.4025958510309366
0,reach-wall-v2,push-back-v2,1,3.5661726587205056
0,reach-wall-v2,push-back-v2,2,3.4539884965960583
0,reach-wall-v2,push-back-v2,3,3.8674198111800613
0,reach-wall-v2,push-back-v2,4,3.922196706456904
0,reach-wall-v2,push-back-v2,5,4.345271298934054
0,reach-wall-v2,push-back-v2,6,3.9246754985515406
0,reach-wall-v2,push-back-v2,7,3.5516100786159583
0,reach-wall-v2,push-back-v2,8,3.693466574579265
0,reach-wall-v2,push-back-v2,9,4.3151003385494064
0,reach-wall-v2,reach-v2,0,0.12417336530483675
0,reach-wall-v2,reach-v2,1,0.20550155889653662
0,reach-wall-v2,reach-v2,2,0.20681734070014693
0,reach-wall-v2,reach-v2,3,0.14440467567432078
0,reach-wall-v2,reach-v2,4,0.18710493362749303
0,reach-wall-v2,reach-v2,5,0.12769016715839296
0,reach-wall-v2,reach-v2,6,0.23304273183514512
0,reach-wall-v2,reach-v2,7,0.12769735009899105
0,reach-wall-v2,reach-v2,8,0.14995409382787675
0,reach-wall-v2,reach-v2,9,0.26984735042860797
0,reach-wall-v2,reach-wall-v2,0,0.06518679144526804
0,reach-wall-v2,reach-wall-v2,1,0.06518765276308348
0,reach-wall-v2,reach-wall-v2,2,0.07036990687299774
0,reach-wall-v2,reach-wall-v2,3,0.06518679143231595
0,reach-wall-v2,reach-wall-v2,4,0.06518679143230904
0,reach-wall-v2,reach-wall-v2,5,0.06518679143232772
0,reach-wall-v2,reach-wall-v2,6,0.06518679143230068
0,reach-wall-v2,reach-wall-v2,7,0.06518679143231378
0,reach-wall-v2,reach-wall-v2,8,0.06904570407306919
0,reach-wall-v2,reach-wall-v2,9,0.06518679152263591
